,Job Title,salary_date_status,location,skills_required
0,Social Media Manager,"Jan 07, 20253 Years","Rayymen Technologies Private Limited, Lahore, Pakistan",Social Media ManagementSocial Media HandlingSocial Media Strategies
1,Senior Project Manager,"Jan 07, 20256 Years150K - 200K","Rayymen Technologies Private Limited, Multiple Cities, Pakistan",Web Project ManagementAgile Project ManagementEnd  to End Sales
2,Project Coordinator,"Jan 07, 20251 Year","Rayymen Technologies Private Limited, Lahore, Pakistan",Client DealingEnd  to End SalesProject Management
3,Sales Executive,"Jan 07, 20251 Year40K - 50K","Rayymen Technologies Private Limited, Lahore, Pakistan",Client DealingSalesEnd  to End Sales
4,Magento Developer,"Jan 07, 20253 Years70K - 250K","Rayymen Technologies Private Limited, Multiple Cities, Pakistan",MySQLMagnetoHTMLPHP
5,Senior Full Stack / Java Developer,"Jan 07, 20254 Years150K - 300K","Rayymen Technologies Private Limited, Multiple Cities, Pakistan",Coordination Skill'sGitRESTBackend DevelopmentHTMLBootstrapGithubHibernateCSS
6,Mid Level JS Engineer - React / Vue,"Jan 07, 20252 Years70K - 100K","App Corp, Lahore, Pakistan",NodeJsVue.jsReact
7,Client Services Representative,"Jan 07, 20251 Year","Rayymen Technologies Private Limited, Lahore, Pakistan",Client DealingCommunication SkillsClient Relations ManagementEnd  to End Sales
8,Junior HR Manager,"Jan 07, 20251 Year30K - 45K","Rayymen Technologies Private Limited, Lahore, Pakistan",Employee EngagementHR Information ManagementLeadership Skills
9,Graphic Designer,"Jan 07, 20253 Years","Rayymen Technologies Private Limited, Lahore, Pakistan",Adobe IllustratorMotion GraphicsGraphics Editing2D GraphicsDesigning Software CommandEnd  to End Sales
10,HR Coordinator,"Jan 07, 2025Fresh30K - 40K","Rayymen Technologies Private Limited, Lahore, Pakistan",Admin Task PlanningHR Information ManagementExecutive Administrative Assistance
11,Senior Frontend Software Engineer,"Jan 07, 20255 Years","Rayymen Technologies Private Limited, Multiple Cities, Pakistan",JavascriptGitCSS3HTMLReact JSFrontend DevelopmentFrontEnd CodingNext Js
12,Swift UI Developer,"Jan 07, 20252 Years200K - 300K","Rayymen Technologies Private Limited, Multiple Cities, Pakistan",Core DataiOS DevelopmentRESTful APIsSwiftMVVMAugmented RealityVersion Control
13,Junior Social Media Manager,"Jan 07, 20251 Year30K - 40K","Rayymen Technologies Private Limited, Lahore, Pakistan",Social Media OptimizationSocial Media HandlingSocial Media Strategies
14,Senior Automated Quality Assurance Engineer,"Jan 07, 20255 Years80K - 200K","Rayymen Technologies Private Limited, Multiple Cities, Pakistan",Unit TestingSelenium TestingSoftware Quality Assurance
15,Customer Service Specialist,"Jan 07, 2025Less than 1 Year60K - 80K","Abacus Consulting, Lahore, Pakistan",Negotiations SkillsListening to CustomersCustomer Service Skills
16,Sales Representative,"Jan 07, 2025Fresh40K - 125K","Switch Waves Technologies, Karachi, Pakistan",Fluent in EnglishCustomer SupportLead Generation Skills
17,Business Development Executive,"Jan 07, 2025Less than 1 Year20K - 35K","Rootlet Solutions, Karachi, Pakistan",Data AnalyticsAlgorithm KnowledgeTrade Sales
18,Amazon Listing Intern,"Jan 07, 2025Less than 1 Year","IT Hardware Hub, Lahore, Pakistan",Data CollectionData MiningAmazon FBA Knowledge
19,Management Trainee Officer - Key Accounts,"Jan 07, 20251 Year30K - 60K","Ozeefy, Lahore, Pakistan",
20,Data Entry Operator,"Jan 07, 2025Fresh35K - 45K","DMN Technology, Lahore, Pakistan",Internet BrowsingWeb BrowsingData Entry
21,Shopify Developer,"Jan 06, 20252 Years70K - 125K","Genratives, Lahore, Pakistan",
22,Legal Counsel – Consultant,"Jan 06, 20252 Years","MicroMerger (Pvt.) Ltd., Islamabad, Pakistan",Contract ManagementLegal CounselingLegal Contract ReviewLegal Consulting
23,PHP Developer,"Jan 06, 20252 Years","YAMSOL Technologies Pvt Ltd, Lahore, Pakistan",MySQLJavascriptCodeigniterRESTful APIsLaravel
24,Shopify Developer,"Jan 06, 20253 Years35K - 70K","Nmsoft, Multan, Pakistan",ShopifyCommunication SkillsCoordination Skills
25,PHP / Wordpress Developer,"Jan 06, 20252 Years40K - 80K","Cresvi, Faisalabad, Pakistan",
26,HR Executive,"Jan 06, 2025Less than 1 Year50K - 70K","Sea Haven IT Solutions, Lahore, Pakistan",
27,Web Developer,"Jan 06, 20251 Year","Rehman Soft, Lahore, Pakistan",JavascriptCSS3HTMLPHP
28,Business Development Specialist / Upwork Bidder,"Jan 06, 20252 Years50K - 100K","UM Digital Hub, Karachi, Pakistan",Business Development ProcessCommunication SkillsDigital ServicesUpwork BiddingBid Strategy
29,Sales Executive - Software,"Jan 06, 2025Less than 1 Year50K - 100K","Cubex Retail Solution, Multiple Cities, Pakistan",Marketing SkillCommunication SkillsEnd to End Sales
30,Customer Support Agent,"Jan 06, 20251 Year80K - 100K","Digitaiz, Lahore, Pakistan",Customer AnalysisPersuasion CustomerCustomer Satisfaction ManagementCustomer Care RepresentationListening to CustomersCustomer SuccessCustomer Interaction ManagementCustomer Acquisition SkillsCustomer Service
31,Brand Shop Verification Officer,"Jan 06, 2025Fresh30K - 70K","Antpower Tech Private Ltd, Lahore, Pakistan",Stock ControlTeam BuildingStock ManagementCommunication SkillsPhysical InventoryMS Excel
32,Management Trainee Officer - HR,"Jan 06, 2025Fresh30K - 40K","Antpower Tech Private Ltd, Lahore, Pakistan",HR Policies CommandCommunication SkillsHR EngagementMS Excel
33,Accountant,"Jan 06, 20251 Year70K - 90K","BS Software, Multiple Cities, Pakistan",Financial AccountingAccounting SkillsComputer Proficient
34,Customer Support Representative,"Jan 06, 20251 Year30K - 100K","Ahmad Trader, Rawalpindi, Pakistan",Typing SpeedCommunication SkillsPolite Behavior
35,Customer Sales Associate,"Jan 06, 2025Fresh100K - 100K","Smart Resources SMC Pvt Ltd, Islamabad, Pakistan",Persuasion CustomerMultitaskingCustomer Care
36,Assistant Manager Internal Audit,"Jan 06, 20255 Years","MTBC, Bagh, Pakistan",Communication SkillsAudit PlanningEnterprise Risk ManagementMS WordMS ExcelAudit life cycle
37,Customer Sales Representative,"Jan 06, 2025Less than 1 Year100K - 125K","Smart Resources SMC Pvt Ltd, Islamabad, Pakistan",Fluent in EnglishMotivationClient Dealing Communication SkillsTime Management 
38,Accounts Executive / QuickBooks,"Jan 06, 20252 Years70K - 100K","AMSYS Innovative Solutions, Lahore, Pakistan",Financial AccountingFluent in EnglishQuickBooksMS ExcelBank Reconciliation
39,Electrical Engineer,"Jan 06, 20255 Years60K - 70K","Quadra Technologies, Multiple Cities, Pakistan",Analytical SkillsInnovation ManagementComplexity ManagementOrganizing Planning SkillsCollaborative LeadershipProject Management
40,Sales Representative,"Jan 06, 2025Fresh30K - 60K","Inktank Designs, Karachi, Pakistan",Fluent in EnglishIT KnowledgeEnd to End Sales
41,Python Flask Developer,"Jan 06, 20252 Years","Radiations 3, Multiple Cities, Pakistan",MySQLTwilioBootstrapPython FlaskAmazon WebServicesPythonDeepgram APISlack API
42,Front Desk Executive,"Jan 06, 20252 Years","Mega Plus Pakistan, Karachi, Pakistan",Communication SkillsMultitasking SkillsMicrosoft Applications
43,Odoo Developer,"Jan 05, 20252 Years80K - 200K","Geek Tech Sol, Lahore, Pakistan",JavascriptPostgreSQLXMLFluent in EnglishOdooPython
44,Digital Marketing Intern,"Jan 05, 2025Fresh","Digital Rackup, Faisalabad, Pakistan",Content OptimizationInternet BrowsingLinked AnalyticsWeb BrowsingContent Writing SkillsSEOOnline Marketing
45,Education Counselor,"Jan 05, 20251 Year35K - 60K","Aptech Pakistan, Karachi, Pakistan",Communication SkillsAdmissions CounselingMS OfficeCustomer Services
46,WordPress Intern,"Jan 04, 2025Less than 1 Year5K - 10K","Koffex Digital, Lahore, Pakistan",HTMLWordpress DevelopmentCSS
47,Risk / Compliance Manager,"Jan 04, 20255 Years","Trukkr (Pvt) Limited, Karachi, Pakistan",Risk AssessmentRisk Compliance ManagementRisk AnalyticsRisk Management
48,MERN Stack Developer,"Jan 04, 20251 Year50K - 80K","Axonyx, Lahore, Pakistan",Next.JSTailwindCSSMern
49,SEO Intern,"Jan 04, 2025Less than 1 Year5K - 10K","Koffex Digital, Lahore, Pakistan",SEO AuditsKeyword Research SkillsGraphic DesignSEO Engine RankingDigital Marketing ManagementSEM RUSHeCommerce  SEOEmail DistributionDigital MarketingSocial Media MarketingContent Writing SkillsSearch Engine OptimizationCanva
50,Sales Agent - Outbound,"Jan 04, 20251 Year50K - 150K","Koffex Digital, Lahore, Pakistan",Handle Outbound CallsCRM AnalysisSales Pro Skillsالمهارات المعدنيةRelationship ManagementBusiness Development StrategiesSales GrowthSales ManagementIT SalesTime Management Outbound Calls HandleAftersales SkillsEnd to End Sale
51,Sales Representative - US Trucking Insurance,"Jan 04, 2025Fresh","AMSYS Innovative Solutions, Lahore, Pakistan",Fluent in EnglishCommunication SkillsCall Center Development
52,Google Ads / PPC Expert,"Jan 04, 20254 Years50K - 100K","Koffex Digital, Lahore, Pakistan",Keyword Research SkillsCompetitive AnalysisCompetitor IntelligenceSearch Engine MarketingSales PerformanceCorporate Website ManagementGoogle Ads PlanningGoogle Ads Campaign ManagementLanding Page Creation
53,Social Media Marketing Specialist,"Jan 04, 20253 Years50K - 100K","Koffex Digital, Lahore, Pakistan",Graphic DesignDigital Marketing AnalysisReporting SkillsSocial Media OptimizationCrisis ManagementPerformance MarketingSocial Media MeasurementSocial Media ROISocial Media ConsultationeCommerce AdvertisingProject ManagementBrand Strategy Understanding
54,Sales Intern,"Jan 04, 2025Less than 1 Year5K - 10K","Koffex Digital, Lahore, Pakistan",Handle Outbound CallsInternational Business ExposureSales AcquisitionSales ManagementIT SalesSales OrderEmail Campaign HandlingCold  CallingEmail Distribution
55,Graphic Design Intern,"Jan 04, 2025Less than 1 Year5K - 10K","Koffex Digital, Lahore, Pakistan",Adobe Photoshop Logo DesignGraphics EditingGraphics Software  CommandMotion Graphic Designs2D GraphicsCanvaFigma
56,Digital Marketing Intern,"Jan 04, 2025Less than 1 Year5K - 10K","Koffex Digital, Lahore, Pakistan",Business Development ProcessDigital Marketing AnalysisBrand ManagementSocial Media OptimizationDigital Marketing ManagementContent Marketing SkillsSocial Media StrategiesOnline Marketing AnalysisBlog MarketingEmail StrategiesSearch Engine Optimization
57,Manager Talent Acquisition / Employee Engagement,"Jan 04, 202510 Years300K - 400K","Pakistan Single Window, Karachi, Pakistan",Relationship ManagementTalent ManagementCommunication Skills Talent AcquisitionHuman Resource ManagementHR Leadership
58,Associate Software Engineer - DevOps,"Jan 04, 2025Fresh70K - 150K","Pakistan Single Window, Karachi, Pakistan",QACommunication SkillsUATSIT
59,Software Support Engineer - L2,"Jan 04, 20252 Years","Pakistan Single Window, Karachi, Pakistan",CRM CommandMS SQLSLAPostmanSEQ Logs
60,Software Architect,"Jan 04, 20259 Years","Pakistan Single Window, Karachi, Pakistan",MVCAdoble ProHTML.NetReact JSData Structures CommandOOADCSSMicro Services Architecture
61,Graphic Designer / UI / UX Designer,"Jan 04, 20255 Years100K - 150K","Resolute Digitals, Karachi, Pakistan",Adobe IllustratorAdobe Photoshop Adobe After EffectsGraphics DesignTypo GraphyColor TheoryAgile EnvironmentMobile Design
62,Lawyer,"Jan 04, 20251 Year100K - 250K","Tatl Technology, Islamabad, Pakistan",Government Contract NegotiationLegal AffairsLegal Advisory
63,Senior Laravel Developer,"Jan 04, 20255 Years150K - 300K","ETS Devices Pvt Ltd, Lahore, Pakistan",LaravelCorePHPLaravel Framework
64,ASP.NET / React Developer,"Jan 04, 2025Fresh","Avaib, Multiple Cities, Pakistan",MySQLASP.netCCHANNELReact JSJScriptReactCSS3 
65,React Native Developer,"Jan 04, 20252 Years100K - 250K","Inno Trade Gmbh, Lahore, Pakistan",JavascriptReact NativeOAuth
66,Marketing Intern,"Jan 03, 2025Fresh15K - 15K","Cloud Revol, Karachi, Pakistan",Business Development ProcessDigital Marketing AnalysisMarketing Activation
67,Communication and Reporting Officer,"Jan 03, 20255 Years200K - 200K","MicroMerger (Pvt.) Ltd., Karachi, Pakistan",Presentation SkillsPersuasion CustomerMonitoring SkillsEvaluation Skills
68,.NET Developer,"Jan 03, 20253 Years150K - 400K","TechnuPur, Karachi, Pakistan",MS SQL Server.NetAngularJSDebuggingTroubleshooting  SkillsReact JSCommunication SkillsTeam Coordination Skills
69,Java Developer,"Jan 03, 20254 Years175K - 200K","Rayymen Technologies Private Limited, Multiple Cities, Pakistan",Coordination Skill'sSpring BootEnd  to End Sales
70,Senior iOS App Developer,"Jan 03, 20254 Years150K - 350K","Rayymen Technologies Private Limited, Multiple Cities, Pakistan",iOS DevelopmentRESTful APIsMobile App DevelopmentEnd  to End Sales
71,React.JS / Next.Js Developer,"Jan 03, 20252 Years150K - 300K","Rayymen Technologies Private Limited, Multiple Cities, Pakistan",GitCSS3HTMLNext.JSFrontEnd CodingReactjsJava ScriptHTML5
72,Senior Technical Project Manager,"Jan 03, 20256 Years","Rayymen Technologies Private Limited, Multiple Cities, Pakistan",Agile Project ManagementAgile Application DevelopmentTechnical Project LeadershipCertified Scrum Master CSM
73,Technical Project Manager,"Jan 03, 20256 Years","Rayymen Technologies Private Limited, Multiple Cities, Pakistan",Agile Project ManagementAgile Application DevelopmentTechnical Project LeadershipEnd  to End Sales
74,Sales Support Executive,"Jan 03, 20252 Years","Biz Rewired, Karachi, Pakistan",Sales ManagementCommunication SkillsCustomer Dealing
75,Technical Support Specialist – Physical Security Systems,"Jan 03, 20252 Years","Jade Pvt Ltd, Islamabad, Pakistan",Computer Network OperationsServer ManagementNetworking ProtocolDNS ServerDNS ManagementIP Networking Admin Server ManagementCisco Networking Devices CommandNetwork Security Implementation
76,WordPress / PHP Developer,"Jan 03, 20251 Year60K - 80K","Web Funnel, Multiple Cities, Pakistan",JavascriptExecuting ContentPluginsAPIReactjsWordPressReact-Native
77,Email Marketing Executive,"Jan 03, 20252 Years","PureLogics, Lahore, Pakistan",Communication SkillsCRM SystemsCoordination SkillsAttention to DetailAnalytical Mindset
78,IT Manager,"Jan 03, 20255 Years100K - 150K","InTech Services, Karachi, Pakistan",Computer ProficientComputer Science CommandComputer Systems Maintenance
79,Sales Executive,"Jan 03, 2025Fresh40K - 100K","Switch Waves Technologies, Karachi, Pakistan",Fluent in EnglishSales GrowthLead Generation Skills
80,Digital Marketing Specialist,"Jan 03, 20252 Years50K - 80K","Hynx Ltd, Multiple Cities, Pakistan",Social Media OptimizationWeb Content CreationCanva
81,Business Developer,"Jan 03, 20252 Years35K - 50K","Dev Wave Solution, Lahore, Pakistan",Communication SkillsEmail MarketingLead GenerationCoordination Skills
82,Business Analyst,"Jan 03, 20251 Year","Faaz Consulting LLC, Multiple Cities, Pakistan",Business AnalysisCommunication SkillsTechnical Writing
83,Customer Sales Representative,"Jan 02, 20254 Years90K - 150K","Digi Lexer, Lahore, Pakistan",Fluent in EnglishCustomer Satisfaction ManagementCustomer Acquisition Skills
84,Receptionist,"Jan 02, 20251 Year","TechAbout, Lahore, Pakistan",Social SkillsCommunication SkillsMultitasking SkillsProblem Solving Skills
85,Call Center Agent,"Jan 02, 20251 Year25K - 30K","Sidat Technologies And Digital, Karachi, Pakistan",Fluent in EnglishCommunication SkillsInterpersonal Leadership
86,Content Writer,"Jan 02, 2025Fresh","Nexicle Consulting, Multiple Cities, Pakistan",Creative WritingBook WritingContent Writing
87,Sales / Lead Generation Inten,"Jan 02, 2025Less than 1 Year20K - 25K","TX-Dynamics, Lahore, Pakistan",CRM CommandCommunication SkillsInterpersonal SkillsKnowledge Of Lead Generation Tools
88,Chat Support Trainee,"Jan 02, 2025Fresh20K - 40K","Techouse Games, Lahore, Pakistan",Live Chat HandlingCommunication SkillsCustomer Handling
89,Government RFP Specialist,"Jan 02, 20253 Years","PureLogics, Lahore, Pakistan",Communication SkillsProject ManagementManage Multiple ProposalsKnowledge Of Government RFP Platforms
90,Photographer / Video Editor Associate,"Jan 02, 2025Less than 1 Year50K - 70K","PureLogics, Lahore, Pakistan",Video Editing TechniquesCommunication SkillsAdobe ProKnowledge of Creating Video Stories
91,MERN / Full Stack Developer,"Jan 02, 20256 Years400K - 550K","Resolute Digitals, Karachi, Pakistan",JavascriptPostgreSQLBackend DevelopmentCloud Computing  KnowledgePython Framework CommandReact NativeAgile Application Development
92,Video Editor / Animator,"Jan 01, 20251 Year30K - 50K","ePrint99, Lahore, Pakistan",Video Editing TechniquesAnimation EditingAnimation Software Command
93,Junior SEO / Content Writer,"Jan 01, 2025Less than 1 Year35K - 40K","Quantum Labs, Multiple Cities, Pakistan",Link BuildingFluent in EnglishSEO Engine RankingSEO KnowledgeContent WritingOffpage SEOContent Creation
94,Senior Web Developer,"Jan 01, 20255 Years100K - 150K","Starlink Global Ltd, Lahore, Pakistan",MySQLJavascriptjQueryPSD to WordPressHTMLCSS
95,Graphic Designer,"Jan 01, 20253 Years80K - 90K","Tagco Usa, Inc, Karachi, Pakistan",Adobe IllustratorAdobe Photoshop Coordiantion Skills
96,SEO Specialist,"Jan 01, 20253 Years40K - 70K","MS I-TEY, Jhelum, Pakistan",SEO Engine RankingLinked AnalyticsSearch Engine Submission
97,Customer Support Representative,"Jan 01, 2025Fresh50K - 60K","Abacus Consulting, Lahore, Pakistan",Fluent in EnglishNegotiations SkillsCommunication Skills
98,DevOps Engineer,"Jan 01, 20253 Years","PureLogics, Lahore, Pakistan",GithubCommunication SkillsPostfixCloud PlatformsEmail Authentication
99,Data Analyst,"Jan 01, 2025Fresh30K - 60K","TopupPk, Islamabad, Pakistan",Fluent in EnglishData CollectionData AnalyticsData ResearchData ComparisonMathematical KnowledgeMS Excel
100,Senior AI Engineer,"Jan 01, 20254 Years","PureLogics, Lahore, Pakistan",Communication SkillsPattern RecognitionREST API DevelopmentDynamic ResearchFunctional Design Principles
101,Amazon / Shopify Store Manager,"Jan 01, 20253 Years200K - 300K","PureLogics, Lahore, Pakistan",Google AnalyticsCommunication SkillsKnowledge of SEOManaging Amazon Stores
102,PHP / CodeIgniter Developer,"Jan 01, 20251 Year100K - 150K","Zam Software Solutions, Multiple Cities, Pakistan",CodeigniterMVCExecuting Content
103,Plaza / Power/ Solar Technician,"Jan 01, 20251 Year","One Network Pvt Ltd, Multiple Cities, Pakistan",Electrical TroubleshootingComputer Hardware InstallationPower System OperationsPower Generation Equipment Management
104,Contracts / Billing Lead,"Jan 01, 20253 Years150K - 200K","Zones IT Solutions (Pvt) Ltd., Islamabad, Pakistan",Financial AccountingInvoice ProcessingBilling Process Knowledge
105,Assistant to Director,"Jan 01, 2025Fresh","Infinity Global, Sydney, Australia",Fluent in EnglishMathematical KnowledgeManagement Skills
106,Sales Executive,"Dec 31, 2024Fresh30K - 100K","SADN, Lahore, Pakistan",Sales ManagementCommunication SkillsMS WordEnd to End Sales
107,Tax / Compliance Expert,"Dec 31, 20243 Years125K - 150K","One Network Pvt Ltd, Rawalpindi, Pakistan",Taxations KnowledgeTax Returns ManagementCompliance Management
108,Software Development Engineer,"Dec 31, 20245 Years70K - 100K","Serve IQ, Lahore, Pakistan",Custom Software DevelopmentKotlinMobile Phone App Development
109,Senior Graphic & UI / UX Designer,"Dec 31, 20246 Years125K - 150K","Dev Sphere Technologies PVT LTD., Rawalpindi, Pakistan",Adobe Creative SuiteAdobe IllustratorSketchAdobe XDInVisionAdobe PhotoshopFigma
110,Sales Executive,"Dec 31, 2024Less than 1 Year50K - 80K","Developers House, Karachi, Pakistan",Fluent in EnglishLinked AnalyticsInbound Lead GenerationLead Development
111,Full Stack Developer,"Dec 30, 20242 Years60K - 80K","Technology Architects, Islamabad, Pakistan",RESTful APIsLaravelAngularJS
112,Graphic Designer,"Dec 30, 20243 Years60K - 80K","Zedmetrics, Lahore, Pakistan",Adobe IllustratorAdobe Photoshop Graphics DesignGraphics Editing
113,WordPress Developer,"Dec 30, 20242 Years60K - 70K","Numeriquee IT (SMC-Private) Limited, Rawalpindi, Pakistan",MySQLJavascriptHTMLCorePHP
114,Sales Specialist,"Dec 30, 2024Less than 1 Year40K - 100K","Arkhitech, Islamabad, Pakistan",Sales ManagementCommunication SkillsProactive LeadershipActive Learning
115,Social Media Marketing Specialist,"Dec 30, 20241 Year25K - 35K","Bait al Hira, Lahore, Pakistan",Lead Generation  SkillsDigital Marketing AnalysisMarketing StrategiesContent Marketing Skills
116,Recruiter,"Dec 30, 20243 Years80K - 125K","Abacus Consulting, Lahore, Pakistan",Operations ManagementHR Policy KnowledgeTechnical Recruitment Skills
117,Sales Executive - IT,"Dec 30, 20242 Years60K - 100K","IT Aligners Pvt Lrd, Lahore, Pakistan",Corporate  MarketingFluent in EnglishBusiness DevelopmentSales AcquisitionCommunication SkillsCorporate Sales ManagementCustomer HandlingMicrosoft Office
118,Full Stack Developer,"Dec 30, 20242 Years","DynamIT Solutions, Multiple Cities, Pakistan",ASP.netMVCHTMLEntity FrameworkAngularJSMicrosoft AzureCSS
119,Web Developer - Intern,"Dec 30, 2024Fresh25K - 50K","HLT Softs, Multiple Cities, Pakistan",
120,Customer Sales Representative,"Dec 30, 20241 Year100K - 100K","Sakonnet Systems Inc, Lahore, Pakistan",Fluent in EnglishSales ManagementCommunication SkillsCustomer Relation Management
121,Field Onboarding Officer,"Dec 30, 20241 Year40K - 200K","Gorex, Multiple Cities, Pakistan",Communication SkillsClient RelationshipEnd to End Sales
122,Sales Associate,"Dec 30, 20241 Year","Future Tek Inc, Islamabad, Pakistan",Marketing SkillsCommunication SkillsCustomer DealingEnd to End Sales
123,Business Process Analyst,"Dec 30, 20241 Year","Super Symmetry Software, Multiple Cities, Pakistan",Business AnalysisBusiness Process ManagementStakeholder EngagementDigital Process Automation
124,Data Scientist,"Dec 30, 20242 Years40K - 100K","Super Symmetry Software, Multiple Cities, Pakistan",NumPyTensorFlowPostgresSQLPython
125,Junior React Developer,"Dec 30, 20242 Years40K - 100K","Super Symmetry Software, Multiple Cities, Pakistan",GitCSS3React JSKubernetesTailwindHTML5React Query
126,Video Editor,"Dec 30, 20242 Years","Super Symmetry Software, Multiple Cities, Pakistan",Video Editing TechniquesVideo Effects KnowledgeVideo MarketingVideo AnalyticsDigital Video Knowledge
127,Video Editor,"Dec 30, 2024Fresh60K - 100K","Effinef LLC, Karachi, Pakistan",Communication SkillsDigital TrendsVideo Editing Skills
128,WordPress Developer,"Dec 30, 20243 Years40K - 80K","Turk SEM, Multiple Cities, Pakistan",Executing ContentWordPress ThemesWordpress Plugin
129,Digital Marketing Manager,"Dec 30, 20243 Years80K - 125K","Ennovate IT, Multiple Cities, Pakistan",Digital Marketing AnalysisSocial Media OptimizationDigital Marketing ManagementContent Marketing SkillsSocial Media StrategiesOnline Marketing AnalysisEmail Campaign HandlingDigital Media  KnowledgeDigital Business DevelopmentEmail MarketingSocial Media Marketing
130,Business Development / IT Sales Manager,"Dec 30, 20243 Years100K - 150K","Ennovate IT, Multiple Cities, Pakistan",Corporate  MarketingFluent in EnglishDigital Marketing AnalysisTelemarketing  SkillsCustomer Satisfaction ManagementDigital Marketing ManagementMarketing StrategiesSales ManagementCommunication SkillsCustomer Interaction ManagementOnline Marketing SkillsCustomer Acquisition SkillsLead Generation Skills
131,Full Stack Developer,"Dec 30, 20243 Years100K - 150K","Ennovate IT, Multiple Cities, Pakistan",MySQLJavascriptGitjQueryHTML5 CSS3PSD to WordPressPlugins
132,Data Entry Specialist,"Dec 29, 2024Less than 1 Year15K - 25K","Juxito, Karachi, Pakistan",Data ExtractionDeep Web ResearchMS Excel
133,Accounts / Finance Officer,"Dec 29, 2024Fresh50K - 80K","Stealth Vision Solutions Private Limited, Islamabad, Pakistan",Financial AccountingFinancial Statements ManagementFinancial Statement Analysis
134,Manager Sales,"Dec 29, 20243 Years70K - 150K","Zevista Pvt. Ltd., Islamabad, Pakistan",
135,Junior Project Manager,"Dec 29, 20242 Years40K - 100K","Super Symmetry Software, Multiple Cities, Pakistan",Agile Project ManagementProject AnalysisSoftware Projects ManagementSprint Planning
136,Mobile App Developer,"Dec 29, 20242 Years","Super Symmetry Software, Multiple Cities, Pakistan",JavascriptNodeJsReact JSReact NativeTypeScript
137,Digital Marketing Specialist,"Dec 29, 20242 Years","Super Symmetry Software, Multiple Cities, Pakistan",Digital Marketing AnalysisUTMSEO KnowledgeAdtech
138,Laravel / NodeJS Developer,"Dec 29, 20242 Years100K - 150K","Many Tech Solutions, Multiple Cities, Pakistan",RESTful APIsNodeJsLinuxVue.jsPleskPHP and Laravel
139,Video Animator 3D,"Dec 28, 2024Fresh50K - 200K","ALGOTIQ Solutions, Lahore, Pakistan",Adobe IllustratorAdobe InDesignBlender Knowledge
140,Senior Graphic Designer,"Dec 28, 20243 Years","Mugutech, Multiple Cities, Pakistan",Adobe IllustratorGraphics DesignVector Work
141,Junior Content Writer,"Dec 28, 20241 Year20K - 40K","Penta Squad, Lahore, Pakistan",Blog PostingCreative WritingContent DevelopmentContent Blogging
142,Call Center Agent,"Dec 28, 20242 Years45K - 80K","Bi Communications, Islamabad, Pakistan",Fluent in EnglishCommunication SkillsCustomer Handling
143,Cloud Solution Specialist,"Dec 28, 20241 Year80K - 125K","Zones IT Solutions (Pvt) Ltd., Multiple Cities, Pakistan",Microsoft AzureMicrosoft LicensingMicrosoft CSP
144,Head of Data Sciences / Analytics,"Dec 27, 202410 Years500K - 700K","Pakistan Revenue Automation (Pvt) Ltd, Islamabad, Pakistan",Business IntelligenceData AnalyticsCommunication SkillsBusiness AnalyticsDWH
145,Chief Information Security Officer,"Dec 27, 202410 Years600K - 800K","Pakistan Revenue Automation (Pvt) Ltd, Islamabad, Pakistan",Risk Management and PlanningSIEMProficiency With Security Tool
146,Web Designer,"Dec 27, 20241 Year40K - 50K","Data Vault, Karachi, Pakistan",JavascriptAdobe IllustratorHTMLAdobe Photoshop UXCSSUIFigma
147,Web Developer / Project Coordinator,"Dec 27, 2024Fresh","Hashim Mahmood & Co, Multiple Cities, Pakistan",Web Project ManagementWeb Data ManagementMS Excel
148,Secretary to CEO,"Dec 27, 20242 Years50K - 90K","Techno Consultants LLC, Lahore, Pakistan",Admin Tasks ManagementCommunication SkillsMS Excel
149,Web / CRM Developer,"Dec 27, 20244 Years50K - 100K","Network Squad Ltd, Karachi, Pakistan",MySQLCSS3API DevelopmentHTMLMicrosoft CRM CommandWordPressPower AppMicrosoft Dataverse
150,Sales Representative,"Dec 27, 20242 Years","Switch Waves Technologies, Karachi, Pakistan",Fluent in EnglishCommunication SkillsTelemarketing Skills
151,Video Editor,"Dec 27, 20241 Year60K - 200K","Micro World, Multiple Cities, Pakistan",Video Editing TechniquesVideo Effects KnowledgeAdobe Pro
152,Senior Full Stack Developer - Devops,"Dec 27, 20242 Years","MRT Productions LLC, All Cities, USA",NodeJsGithubPython Framework CommandReact JS
153,Software Quality Assurance Engineer,"Dec 27, 20241 Year50K - 100K","Zam Software Solutions, Islamabad, Pakistan",Software Quality ReviewSoftware Quality ManagementSoftware Life Cycle TestingAutomated Software Command
154,Senior Client Service Executive,"Dec 27, 20244 Years60K - 80K","MTBC, Bagh, Pakistan",Fluent in EnglishCommunication SkillsCustomer Handling
155,Amazon PPC Expert,"Dec 27, 20242 Years70K - 150K","Zedmetrics, Lahore, Pakistan",Keyword Research SkillsDigital Marketing AnalysisAmazon Operations ManagementAmazon FBA KnowledgeAmazon FBM
156,Google Ads Expert,"Dec 27, 20242 Years80K - 150K","Zedmetrics, Lahore, Pakistan",Google AnalyticsGoogle Ads PlanningGoogle PPC Knowledge
157,Software Engineer,"Dec 27, 20242 Years80K - 150K","Synergypiers Technology Pvt Ltd, Lahore, Pakistan",JavascriptReact JSKotlin
158,Front Desk Executive,"Dec 27, 2024Fresh40K - 80K","Med Biller, Karachi, Pakistan",Fluent in EnglishCommunication SkillsFront Office Support
159,UI/UX Designer,"Dec 27, 20243 Years10K - 80K","On Road 24 Seven ApS, Lahore, Pakistan",Web Application DesignAdobe XDFigma
160,Sales Executive,"Dec 27, 2024Fresh25K - 30K","EzyPro (Pvt.) LTD., Lahore, Pakistan",Sales ManagementCommunication SkillsEnd to End Sales
161,React Native Developer,"Dec 27, 20246 Years","Resolute Digitals, Karachi, Pakistan",JavascriptBackend DevelopmentCloud Computing  KnowledgeReact NativeVersion Control ToolsAgile Application Development
162,Software Engineer,"Dec 27, 20242 Years100K - 200K","MTBC, Multiple Cities, Pakistan",ASP.netCCHANNELJavascriptjQuerySoftware Development Tools CommandSoftware Development
163,Talent Acquisition Specialist,"Dec 27, 20244 Years100K - 125K","Zones IT Solutions (Pvt) Ltd., Islamabad, Pakistan",Applicant Tracking Systems360 RecruitmentHead Hunting Skills
164,SQA Tester,"Dec 27, 20241 Year60K - 80K","Source Everest, Lahore, Pakistan",Software Life Cycle TestingSoftware QualitySoftware Test
165,Business Development Executive,"Dec 26, 20243 Years150K - 300K","ETS Devices Pvt Ltd, Lahore, Pakistan",B2B Business DevelopmentBusiness DevelopmentVendor Management SkillsCommunication Skills
166,SEO / Content Writer,"Dec 26, 20242 Years50K - 100K","All Star Technologies, Rawalpindi, Pakistan",SEO Engine RankingContent BloggingTechnical Content ProductionContent Writing Skills
167,Figma Designer,"Dec 26, 2024Fresh25K - 40K","White Hat Tech, Rawalpindi, Pakistan",UI DesignVisual Design SkillsWireframing and Prototyping
168,SEO Backlink Specialist,"Dec 26, 2024Fresh25K - 40K","White Hat Tech, Rawalpindi, Pakistan",SEMRUSHSEO On PageSearch Engine Ranking
169,Tecnical Content Writer - WordPress,"Dec 26, 20243 Years","TechAbout, Lahore, Pakistan",Creative WritingContent DevelopmentCommunication for Development
170,Cost Accountant,"Dec 26, 20245 Years150K - 200K","Deploy Private Limited, Karachi, Pakistan",Budgeting SkillsAuditing SkillsCosting Management
171,Graphic Designer,"Dec 26, 20241 Year","Deploy Private Limited, Karachi, Pakistan",Adobe Creative SuiteVideo Editing TechniquesCreative Desigin
172,Import Coordinator,"Dec 26, 20243 Years","Deploy Private Limited, Karachi, Pakistan",Customs RegulationsFinancial ReconciliationsImport Operations
173,Accounts Coordinator,"Dec 26, 20243 Years","Deploy Private Limited, Karachi, Pakistan",Bank Reconciliation     Tax AccountingFinancial Statement Analysis
174,Sales Specialist - Call Center,"Dec 26, 20241 Year","Arkhitech, Multiple Cities, Pakistan",Fluent in EnglishCommunication SkillsClose Attention to Detail
175,Finance Manager,"Dec 26, 20245 Years90K - 100K","Antpower Tech Private Ltd, Lahore, Pakistan",Financial AccountingFinancial AnalysisFinancial and Budgeting SkillsCommunication SkillsFinancial Statement Analysis
176,Business Development Executive,"Dec 26, 20242 Years90K - 125K","Penta Squad, Lahore, Pakistan",Business Development StrategiesCommunication SkillsLead Generation
177,Frontend Developer,"Dec 26, 20242 Years","eBrain Private Limited, Multiple Cities, Pakistan",HTML5 CSS3NodeJsCorePHP
178,Accountant,"Dec 26, 20242 Years50K - 100K","Bi Communications, Islamabad, Pakistan",Financial AccountingERP Software CommandOdoo Accounting Module
179,SEO / Digital Marketing Expert,"Dec 26, 20242 Years50K - 70K","DMN Technology, Lahore, Pakistan",SEO AuditsSEMRUSHeCommerce  SEOSearch Engine Ranking
180,Logistics Management,"Dec 25, 20241 Year350K - 450K","Royal Phonex Technology, Multiple Cities, Pakistan",Logistics ManagementBusiness Decision MakingMS Excel
181,Business Consultant,"Dec 25, 20243 Years450K - 600K","Royal Phonex Technology, Multiple Cities, Pakistan",Business Development ProcessBusiness AnalysisBusiness Development Consultancy
182,System Support Engineer,"Dec 25, 20245 Years","IT Support 247, Karachi, Pakistan",Troubleshooting  SkillsCisco Networking Devices CommandNetwork Security Implementation
183,MERN Stack Developer,"Dec 24, 20241 Year90K - 1000K","Cognilium AI, Lahore, Pakistan",MongoDBNodeJsReact JS
184,Web Developer,"Dec 24, 20241 Year30K - 50K","ISB Tech, Islamabad, Pakistan",JavascriptHTMLCSS
185,Google Ads Specialist,"Dec 24, 20243 Years19K - 35K","White Hat Tech, Rawalpindi, Pakistan",Google AnalyticsGoogle Ads WordsGoogle Ads Planning
186,Full Stack Developer - PHP,"Dec 24, 20241 Year30K - 60K","Devik Digital Solutions, Karachi, Pakistan",MySQLBackend DevelopmentLaravelCorePHPPHP
187,Operations Coordinator,"Dec 24, 20241 Year35K - 40K","Aptech Pakistan, Karachi, Pakistan",Communication SkillsAnalytic ReportingMS Excel
188,UI / UX Designer,"Dec 24, 20242 Years","Hotfix Solutions, Lahore, Pakistan",Adobe IllustratorGraphic DesignCommunication SkillsFigma
189,.Net Developer,"Dec 24, 202410 Years100K - 350K","Uruk IT Solutions, Islamabad, Pakistan",MySQLCCHANNELJavascriptjQueryMVC.Net.Netcore
190,Network Engineer,"Dec 24, 20242 Years","Y Linx, Lahore, Pakistan",
191,Senior Business Development Manager,"Dec 24, 20246 Years70K - 100K","Zameen Media (Pvt) Limited, Lahore, Pakistan",Business Development ProcessSales ManagementEnd to End Sales
192,Assistant Manager Project Sales,"Dec 24, 20241 Year","Zameen Media (Pvt) Limited, Lahore, Pakistan",Business Development ProcessClient DealingSales ManagementCommunication SkillsEnd to End Sales
193,Accountant,"Dec 24, 20241 Year","Cubix Hub, Lahore, Pakistan",
194,Senior Full Stack / WordPress Developer,"Dec 24, 20244 Years100K - 150K","Dev Sphere Technologies PVT LTD., Rawalpindi, Pakistan",MySQLJavascriptjQueryHTML5 HTMLWooCommerceAPIsWordPress
195,UI / UX Designer,"Dec 24, 20243 Years100K - 200K","Ennovate IT, Multiple Cities, Pakistan",Adobe Creative SuiteAdobe IllustratorAdobe Photoshop Creative DesiginUser Experience DesignGraphics EditingGraphics Software  CommandVisual DesignUser Experience TestingUser InteractionGraphic Arts
196,Sales Executive,"Dec 24, 20243 Years","319 Solutions Pvt Ltd, Karachi, Pakistan",Communication SkillsTeam Work SkillsTechnical Product Knowledge
197,WordPress Developer,"Dec 24, 20241 Year20K - 50K","Juxito, Karachi, Pakistan",Advanced CSSHTMLWordPressCore PHP
198,Sales Representative,"Dec 24, 20241 Year400K - 550K","Rank Genius Corporation, All Cities, Pakistan",Fluent in EnglishSEO Engine RankingCommunication SkillsEnd to End Sales
199,Technical Recruiter,"Dec 24, 20242 Years80K - 150K","AirCod Technologies, Lahore, Pakistan",Fluent in EnglishIT Recruitment360 RecruitmentTechnical Recruitment Skills
200,Video Editor,"Dec 24, 2024Fresh25K - 25K","Filpir, Karachi, Pakistan",
201,SAP DataSphere Lead,"Dec 24, 20245 Years300K - 800K","Cloud Ventures Private Limited., Multiple Cities, Pakistan",SAP BISAP SystemSAP Data ServicesSAP Datasphere
202,Software Engineer,"Dec 23, 2024Fresh50K - 1000K","Vomy Chat, Lahore, Pakistan",ASP.netJavascriptData ScrapeAI Workflow Automation
203,SQA Automation Engineer,"Dec 23, 20241 Year","Avaib, Multiple Cities, Pakistan",Automation TestingSQA RobotSoftware TestAutomation Tools KnowledgeTest Automation Tools
204,PHP / Laravel Developer,"Dec 23, 20242 Years","Lipsum Technologies Private Limited, Attock, Pakistan",
205,.Net / Full Stack Developer,"Dec 23, 20243 Years70K - 150K","Root Tech, Karachi, Pakistan",ASP.netCCHANNELJavascriptjQueryEntity FrameworkBlazorSQL SERVER
206,Senior Sales Executive,"Dec 23, 20242 Years70K - 70K","Nextscrum, Lahore, Pakistan",Sales Pro SkillsNegotiations SkillsCommunication Skills
207,Administrative Operations Coordinator,"Dec 23, 2024Less than 1 Year60K - 100K","QuiQia, Multiple Cities, Pakistan",Communication SkillsClose Attention to DetailTime Management Skills
208,Senior Shopify / WordPress Developer,"Dec 23, 20242 Years","Nextscrum, Lahore, Pakistan",Java Web ServerHTMLAgile Web Development
209,ServiceNow Developer - ITAM,"Dec 23, 20244 Years250K - 500K","Cloud Ventures Private Limited., Multiple Cities, Pakistan",Communication SkillsIT Asset ManagementCoordination Skills
210,Senior Software Engineer,"Dec 23, 202410 Years200K - 400K","Worldwide Arrangements Inc, Multiple Cities, Pakistan",JavascriptWeb Project ManagementNodeJsTeam BuildingSoftware DevelopmentReact JSReact NativeFull Software Lifecycle
211,Sales Manager,"Dec 23, 20244 Years175K - 200K","Haball, Lahore, Pakistan",Sales ManagementCommunication SkillsEnd to End Sales
212,Business Development Executive,"Dec 23, 20242 Years60K - 100K","Shadiyana, Karachi, Pakistan",
213,Senior Laravel Developer,"Dec 23, 20243 Years100K - 250K","Soft Synk, Islamabad, Pakistan",
214,Digital Media Marketing Specialist,"Dec 23, 20243 Years125K - 200K","Client Support International Pvt Ltd., Karachi, Pakistan",Digital Marketing AnalysisLinked AnalyticsDigital Media  KnowledgeSocial Media Marketing
215,Sales Executive,"Dec 23, 2024Fresh20K - 40K","Client Support International Pvt Ltd., Karachi, Pakistan",Telemarketing  SkillsCommunication SkillsCall Handling
216,Full Stack Developer,"Dec 23, 20241 Year50K - 70K","Ayzenn Technologies, Rawalpindi, Pakistan",MySQLJavascriptGitMongoDBBackend DevelopmentRESTful APIsNodeJsReact JSReact Native
217,Marketing Associate,"Dec 23, 20241 Year50K - 80K","Ayzenn Technologies, Rawalpindi, Pakistan",Relations Management SkillsDigital Marketing AnalysisMarketing ManagementDigital Marketing ManagementContent Marketing Skills
218,WordPress Content Intern,"Dec 21, 2024Fresh8K - 12K","Wise Technologies, Rahimyar Khan, Pakistan",
219,SEO /  Google Ads Expert,"Dec 21, 2024Less than 1 Year30K - 50K","Uzlogic, Gujranwala, Pakistan",SEO AuditsGoogle AnalyticsSEO Engine RankingContract CloseoutSEOMozSEO Submission
220,Technical Writer,"Dec 20, 20243 Years","One Network Pvt Ltd, Rawalpindi, Pakistan",Research SkillsProduct DocumentationDocument PreparationUser Manual DevelopmentTechnical Content ProductionSoftware Development Life Cycle
221,AutoCAD Drafter,"Dec 20, 20245 Years60K - 70K","One Network Pvt Ltd, Rawalpindi, Pakistan",Drafting MethodsAutoCAD Design Software3D Mapping
222,Graphic Designer,"Dec 20, 20242 Years60K - 90K","EZY Apps, Karachi, Pakistan",
223,Customer Support Specialist,"Dec 20, 20241 Year30K - 40K","Design Valley, Lahore, Pakistan",Customer Care RepresentationCommunication SkillsCustomer Handling
224,Sr. Technical Recruiter (US / Market International),"Dec 20, 20242 Years100K - 125K","PureLogics, Lahore, Pakistan",Communication SkillsEmployee Relationship ManagementHR PoliciesKnowledge Of IT Technologies And RolesNegotiation And Sales Skills
225,Finance Manager,"Dec 20, 20244 Years300K - 400K","Antpower Tech Private Ltd, Lahore, Pakistan",Audit Assignment HandlingFinancial AccountingBudgeting Skills
226,Content Writer,"Dec 20, 20242 Years","Penta Squad, Lahore, Pakistan",Keyword Research SkillsCreative WritingTechnical Content Production
227,Web Developer,"Dec 20, 20242 Years40K - 80K","Penta Squad, Lahore, Pakistan",MySQLWeb SolutionsFrontEnd CodingCorePHP
228,Business Development Executive,"Dec 20, 20241 Year40K - 80K","Penta Squad, Lahore, Pakistan",Business Development ProcessClient Dealing Communication Skills
229,SEO Expert - On Page,"Dec 20, 20244 Years50K - 100K","RSF Soft, Lahore, Pakistan",SEO AuditsKeyword Research SkillsSEMRUSHSearch Engine SubmissioneCommerce  SEO
230,SEO Executive,"Dec 20, 20242 Years30K - 40K","RSF Soft, Lahore, Pakistan",SEO AuditsKeyword Research SkillseCommerce  SEOSEM Knowledge
231,HR Operations Executive,"Dec 20, 20243 Years60K - 90K","Abacus Consulting, Islamabad, Pakistan",Payroll ManagementData ManagementEmployee Relations  ManagementHR Policies CommandCommunication SkillsEmployee Grievance
232,Software Engineering Manager,"Dec 20, 20248 Years400K - 700K","HR Force International, Lahore, Pakistan",LaravelNodeJsPython Framework CommandCorePHP
233,eCommerce Specialist - Amazon / eBay,"Dec 20, 20243 Years80K - 100K","Digital 380, Karachi, Pakistan",Digital Marketing AnalysisEBayCommunication SkillsAmazon Operations ManagementWalmart
234,Senior Digital Marketing Manager,"Dec 20, 20245 Years100K - 200K","Nepta Solutions Ltd, Lahore, Pakistan",SEO Engine RankingDigital Marketing ManagementSocial Advertising
235,Recruitment Executive,"Dec 20, 20242 Years60K - 90K","Abacus Consulting, Islamabad, Pakistan",Communication SkillsClosing Candidates360 RecruitmentEnd To End Recruitment Skills
236,Placement Executive,"Dec 20, 2024Fresh","Aptech Pakistan, Karachi, Pakistan",Admin Operations ManagementHead Hunting SkillsTechnical Recruitment Skills
237,Business Development Manager,"Dec 20, 20242 Years200K - 300K","Addo Ai, Karachi, Pakistan",Client ManagementCommunication SkillsCoordination Skills
238,Social Media Management Specialist,"Dec 20, 20243 Years50K - 60K","Garam, Islamabad, Pakistan",Blog PostingSocial Media HandlingContent BloggingSocial Media Strategy
239,Web Content Manager,"Dec 20, 2024Fresh50K - 60K","Sale Finder, Lahore, Pakistan",Data ManagementAnswering InquiriesEmail Writing SkillsMistake ProofingDigital ProofingInstallation ProcessContent  ManagementTime Management
240,Project Coordinator,"Dec 20, 20242 Years70K - 100K","Base Camp Data Solutions, Hyderabad, Pakistan",
241,PHP / Laravel Developer,"Dec 20, 20243 Years","Delloweb International, Multan, Pakistan",Restful ArchitectureExecuting ContentLaravelAPI IntegrationMVC ArchitectureCloud PlatformsOOP PrinciplesDatabase Understanding
242,Senior WordPress Developer,"Dec 19, 20243 Years50K - 125K","Pulse IT Solutions, Lahore, Pakistan",JavascriptjQueryPlugins
243,Flutter Developer,"Dec 19, 20243 Years35K - 40K","Ghazi Tech, Karachi, Pakistan",NodeJsFlutterCSS
244,SEO Expert,"Dec 19, 20241 Year35K - 50K","Boost Tect Agency, Multiple Cities, Pakistan",Keyword AnalysisKeyword Research SkillsSEO Engine RankingSEO Optimization
245,Sales Executive - IT,"Dec 19, 2024Less than 1 Year25K - 40K","Code In, Karachi, Pakistan",Relationship ManagementSales ManagementCommunication Skills
246,Security Monitoring Specialist,"Dec 19, 2024Fresh15K - 20K","Pro Watch 360, Karachi, Pakistan",Risk AssessmentIncident ManagementIncident ResponseMonitoring and Surveillance
247,Content Writer,"Dec 19, 20241 Year20K - 40K","Expert Cleaning, Lahore, Pakistan",Content OptimizationWeb Content ProductionContent BloggingContent Writing Skills
248,Business Development Representative,"Dec 19, 20243 Years125K - 300K","Pam AI, Lahore, Pakistan",B2B Business DevelopmentFluent in EnglishBusiness Development Process
249,Laravel Developer,"Dec 19, 20243 Years60K - 100K","Conjoint Media, Multiple Cities, Pakistan",CRM DevelopmentLaravel DevelopmentPHP
250,Graphic Designer,"Dec 19, 20243 Years90K - 100K","DMN Technology, Lahore, Pakistan",React JSWordpress EcommerceWordPressHTML5Laravel FrameworkPHP Wordpress
251,Senior IT Engineer,"Dec 19, 20243 Years175K - 200K","IT Serve Group, Multiple Cities, Pakistan",Computer Network OperationsComputer Systems MaintenanceComputer Hardware Installation
252,Paid Internship - Digital Marketing,"Dec 19, 2024Fresh10K - 15K","Conjoint Media, Multan, Pakistan",Social Media KnowledgeCommunication SkillsMS Office
253,Email Support Executive,"Dec 18, 2024Less than 1 Year35K - 45K","Abacus Consulting, Lahore, Pakistan",Communication SkillsChat Support ExperienceCustomer Dealing
254,Discord / Twitch Representative,"Dec 18, 2024Less than 1 Year20K - 50K","Create Max, Karachi, Pakistan",Fluent in EnglishCommunication SkillsTwitch Knowledge
255,Implementation Manager,"Dec 18, 202410 Years","AirCod Technologies, Lahore, Pakistan",SaaSStrategic Planning and ExecutionImplementation ServicesApplication Side Troubleshooting
256,Social Media / Content Creator,"Dec 18, 20242 Years70K - 70K","Binary Ops, Rawalpindi, Pakistan",Social Media OptimizationContent BloggingAdobe Pro
257,Customer Support Representative,"Dec 18, 2024Less than 1 Year35K - 50K","Fiber Beam Pvt. Ltd, Karachi, Pakistan",Customer Satisfaction ManagementCommunication SkillsCustomer Handling
258,Business Development Manager,"Dec 18, 20242 Years","Ayzenn Technologies, Rawalpindi, Pakistan",Relations Management SkillsBusiness Management SolutionsCommunication Skills
259,Software Developer,"Dec 18, 20243 Years100K - 250K","Kairos Business Solutions Pte Ltd, Multiple Cities, Pakistan",CCHANNELMS SQLSSRS.NetWinForms
260,Story Narrator,"Dec 18, 2024Less than 1 Year20K - 100K","Micro World, Multiple Cities, Pakistan",Fluent in EnglishMangaEnglish GrammarAi Tools
261,WordPress Plugin Developer,"Dec 18, 20241 Year25K - 60K","Goat Is Marketing, Multan, Pakistan",JavascriptCSS3HTMLNative PHPPHP and Laravel
262,Cold Calling Expert,"Dec 18, 20241 Year20K - 45K","Techsole, Lahore, Pakistan",Linked AnalyticsOperations ManagementCommunication Skills
263,3D Animator,"Dec 18, 20242 Years","Diginet Global, Lahore, Pakistan",RiggingPremier ProBlender Knowledge
264,Dart / Flutter Developer,"Dec 18, 20241 Year","Futuresol Tech, Islamabad, Pakistan",GitFirebaseFlutter
265,Full Stack .Net Developer,"Dec 18, 20241 Year50K - 100K","Futuresol Tech, Islamabad, Pakistan",
266,Digital Marketing Intern,"Dec 18, 2024Fresh10K - 15K","Conjoint Media, Multan, Pakistan",Marketing SkillsCommunication SkillsDigital Marketing Skills
267,Senior Performance Marketer,"Dec 17, 20244 Years100K - 250K","Objects, Karachi, Pakistan",Google AnalyticsGoogle Ads PlanningRe Marketing Skills
268,SEO / Content Writer,"Dec 17, 20243 Years30K - 80K","Dee Designers, Multan, Pakistan",SEO RankingSEO SubmissionContent Writing
269,Backend Developer,"Dec 17, 20242 Years50K - 60K","Stars MUX, Multan, Pakistan",Database ManagementPerformance OptimizationAPI Development And IntegrationCD PipelinesVersion Control SystemsPHP CodeIgniterTroubleshooting Backend Systems
270,Sales Representative,"Dec 17, 2024Fresh45K - 50K","Source Code, Karachi, Pakistan",Sales Pro SkillsInternational Business DevelopmentInternational Client Dealing
271,Assistant to the CEO,"Dec 17, 2024Fresh15K - 25K","Five 1 Four, Rawalpindi, Pakistan",
272,Trainee Sales Executive,"Dec 17, 2024Fresh18K - 35K","Techtured, Karachi, Pakistan",Fluent in EnglishSales ManagementCommunication Skills
273,Sales Executive,"Dec 17, 2024Fresh20K - 50K","Proto Art, Karachi, Pakistan",Communication SkillsIT SalesFlunet in EnglishChat SalesGaming Sales
274,Junior Cyber Security Analyst,"Dec 17, 20242 Years100K - 150K","PureLogics, Lahore, Pakistan",Communication SkillsKnowledge Of Operating System SecurityBasic Understanding Of Cybersecurity PrinciplesFamiliarity With Networking FundamentalsHands On Experience With Cybersecurity Tools
275,Angular / .NET Full Stack Developer,"Dec 17, 20242 Years","Codoyens, Karachi, Pakistan",ASP.netAngularJSReact JS
276,Junior React / Node.js Developer,"Dec 17, 20241 Year","Omnia Computers, Lahore, Pakistan",HTML5 RESTful APIsNodeJsReact JSMochaRedux
277,Golang Developer,"Dec 17, 20242 Years50K - 60K","Omnia Computers, Lahore, Pakistan",GitPostgreSQLMicroservicesRedis SkillsGolangRabbitMQ
278,Golang Developer,"Dec 17, 20242 Years60K - 80K","Omnia Computers, Gujrat, Pakistan",GitPostgreSQLRedis SkillsGolangRabbitMQ
279,Python Developer,"Dec 17, 20242 Years60K - 80K","Omnia Computers, Lahore, Pakistan",MongoDBPythonOpenAIArtificial IntelligenceLlama
280,Python Developer,"Dec 17, 20242 Years70K - 80K","Omnia Computers, Gujrat, Pakistan",MongoDBPythonOpenAIArtificial IntelligenceLlama
281,IT / Networking Technician,"Dec 16, 2024Fresh30K - 40K","Riz Tech, Multiple Cities, Pakistan",Routing KnowledgeIT Hardware SupportNetworking Protocol
282,Full Stack Developer - PHP / Laravel,"Dec 16, 20244 Years80K - 100K","High Tech Minds, Lahore, Pakistan",
283,Senior PPC Ads Specialist,"Dec 16, 20245 Years100K - 150K","Soulhouse Media LLC, Lahore, Pakistan",Keyword Research SkillsDigital Marketing AnalysisGoogle Ads WordsGoogle Ads PlanningSearch Campaigns
284,Content Writer,"Dec 16, 20242 Years80K - 100K","Soulhouse Media LLC, Lahore, Pakistan",Fluent in EnglishCreative WritingDigital Copy WritingContent Writing Skills
285,Backend Support Intern,"Dec 16, 20241 Year35K - 35K","SAPRO, Lahore, Pakistan",Fluent in EnglishCommunication SkillsAdaptive LearningCustomer Handling
286,WordPress Developer,"Dec 16, 20241 Year30K - 40K","Print 99, Lahore, Pakistan",
287,Email Marketing / Apollo Expert,"Dec 16, 2024Less than 1 Year","Uzlogic, Gujranwala, Pakistan",ApolloEmail Marketing SkillsLead GenerationEnd to End Sales
288,Magento Developer,"Dec 16, 20243 Years70K - 150K","Global Scales, Multiple Cities, Pakistan",MySQLJavascriptCSS3Executing ContentHTMLREACT.JSMagento
289,Trainee Sales Executive,"Dec 15, 2024Fresh18K - 35K","Techtured, Karachi, Pakistan",Fluent in EnglishCommunication SkillsProposals Writing Skills
290,3D Artist / Rigging Artist,"Dec 15, 20241 Year45K - 100K","Nexas3D, Islamabad, Pakistan",Adobe IllustratorZbrushMaya
291,Marketing Manager,"Dec 15, 20243 Years30K - 50K","Active Web Solutions, Sialkot, Pakistan",Presentation SkillsMarketing ResearchDigital Marketing ManagementMarketing StrategiesCommunication SkillsDoor To Door Sales
292,WordPress Developer,"Dec 15, 20242 Years30K - 60K","Carpe Diem, Multiple Cities, Pakistan",CSS3PSD to WordPressHTMLBootstrapShopifyCorePHP
293,Graphic Designer,"Dec 14, 20242 Years35K - 100K","Codex Quill, Islamabad, Pakistan",Graphics DesignUIUXCreative Packaging
294,Customer Sales Representative,"Dec 14, 2024Fresh","Solutions IT, Lahore, Pakistan",Admin Operations ManagementCustomer Acquisition SkillsTeam Sales Target
295,Python Engineer,"Dec 14, 20242 Years","Omnia Computers, Lahore, Pakistan",MongoDBDOCKERPythonArtificial Intelligence
296,QuickBooks / Bookkeeping Expert,"Dec 14, 20243 Years50K - 150K","The 360 Technologies, Lahore, Pakistan",Financial AccountingAdmin Operations ManagementBookkeeping KnowledgeAccounts Software CommandTransaction ManagementQuickBook Knowledge
297,SEO Specialist,"Dec 14, 20245 Years40K - 80K","Techdot Solution, Karachi, Pakistan",
298,Sales Specialist,"Dec 14, 20241 Year50K - 70K","Truck Tribe Dispatchers, Lahore, Pakistan",
299,Business Development Manager,"Dec 14, 20242 Years25K - 50K","Code Sprint, Lahore, Pakistan",Business Development ProcessBusiness DevelopmentBusiness Development Strategies
300,Office Assistant,"Dec 14, 2024Less than 1 Year25K - 40K","Code Sprint, Lahore, Pakistan",Admin Operations ManagementOffice SupportFront Office Support
301,Associate Business Analyst,"Dec 14, 2024Less than 1 Year80K - 150K","CureMD, Lahore, Pakistan",Microsoft Power BIMicrosoft ProjectResearch SkillsCommunication SkillsBusiness Process MappingBusiness Problems Analysis
302,Frontend / Full Stack Engineer,"Dec 13, 20244 Years150K - 250K","Pentacon, Multiple Cities, Pakistan",VoIPWeb SocketsUIUXReactJavascipts
303,Business Development Executive,"Dec 13, 2024Fresh20K - 40K","Zactra, Faisalabad, Pakistan",Presentation SkillsNegotiation SkillsAccount ManagementB2B SalesInterpersonal Skills
304,SEO Executive,"Dec 13, 20242 Years30K - 40K","RSF Soft, Lahore, Pakistan",SEO AuditsKeyword Research SkillseCommerce  SEOSEM Knowledge
305,Sales / Marketing Representative,"Dec 13, 20241 Year25K - 50K","Code Sprint, Lahore, Pakistan",Business Development ProcessBusiness Development StrategiesCommunication Skills
306,Team Lead - Call Center,"Dec 13, 20241 Year80K - 90K","Abacus Consulting, Lahore, Pakistan",Team LearningCommunication SkillsTraining Development
307,Full Stack Developer,"Dec 13, 20242 Years50K - 100K","Market Mosaic, Multiple Cities, Pakistan",JavascriptDjangoRestful ArchitectureHTMLGoogle CloudReactNode.jsWeb ApplicationCSS
308,Customer Sales Representative,"Dec 13, 2024Less than 1 Year30K - 70K","Poshnee Tech (SMC PVT) LTD, Rawalpindi, Pakistan",Fluent in EnglishCommunication SkillsCustomer Handling
309,Executive Secretary,"Dec 13, 20245 Years50K - 80K","Niche Tech, Islamabad, Pakistan",Communication SkillsMeeting SchedulingMS WordMS Excel
310,Web / App Developer,"Dec 13, 20245 Years","Niche Tech, Islamabad, Pakistan",Javascript.NetFull Stack DevelopmentPython
311,Sales Development Representative,"Dec 13, 2024Fresh40K - 60K","Skyline Sprint, Lahore, Pakistan",Fluent in EnglishCommunication SkillsCustomer Handling
312,Team Lead - Sales,"Dec 13, 20244 Years100K - 150K","Skyline Sprint, Lahore, Pakistan",Fluent in EnglishClient DealingCommunication Skills
313,Marketing Executive,"Dec 13, 2024Fresh","Kaem Solutions IT, Karachi, Pakistan",Event Marketing StrategiesCommunication SkillsMarket Research
314,Software Developer,"Dec 13, 20243 Years30K - 90K","Custom Software Pvt Limited, Lahore, Pakistan",Softwares DesignVB6Software DevelopmentMySQL Server
315,Senior Graphic Designer,"Dec 12, 20243 Years30K - 125K","Pulse IT Solutions, Lahore, Pakistan",Adobe IllustratorAdobe InDesignAdobe Photoshop Creative Design
316,Content Writer,"Dec 12, 2024Fresh","Webolytics, Lahore, Pakistan",Creative WritingCommunication SkillsContent Creation
317,Accounts Receivable Executive,"Dec 12, 20243 Years","Avanza Solutions, Karachi, Pakistan",Accounts AdminstrationAccount Receivable CommandTaxation Knowledge
318,Enterprise Architect – Laravel / PHP Framework,"Dec 12, 202410 Years","VentureDK, Lahore, Pakistan",MySQLPostgreSQLCloud Services
319,Python Developer,"Dec 12, 20242 Years","VentureDK, Lahore, Pakistan",AWS SolutionLang ChainHaystack
320,Social Media Manager / Digital Marketer,"Dec 12, 20241 Year35K - 50K","TechComm, Lahore, Pakistan",Digital Marketing AnalysisSocial Media OptimizationDigital Marketing ManagementSocial Media StrategiesSocial Advertising
321,Software Engineer,"Dec 12, 20241 Year60K - 70K","RatedSol Tech, Dera Ghazi Khan, Pakistan",CodeigniterLaravelWordPress
322,Junior Video Editor,"Dec 12, 2024Less than 1 Year","FIM Technologies, Karachi, Pakistan",Video Editing TechniquesAdobe After EffectsAudio EditingMotion GraphicsColor Correction Adobe Premiere Pro
323,Junior Accountant,"Dec 12, 2024Fresh25K - 35K","Decorp International, Karachi, Pakistan",Typing SpeedAccounts Management SkillsMS Excel
324,Shopify Developer,"Dec 12, 20241 Year35K - 70K","Softopiaa, Karachi, Pakistan",jQueryHTMLShopifyShopify AppCSS Javascript
325,SEO Specialist,"Dec 12, 20242 Years20K - 25K","I Rank Solutions, All Cities, USA",SEO Engine RankingOff PageOnpage
326,Junior Technical Writer,"Dec 12, 20241 Year60K - 150K","Faaz Consulting LLC, Multiple Cities, Pakistan",Communication SkillsTechnical Proposal WritingContent Writing Skills
327,Web Development Team Manager,"Dec 12, 20247 Years","AA Web Solutions (SMC Private) Limited, Lahore, Pakistan",Relationship ManagementCommunication SkillsCodeignitorTeam ManagementPHPCoordination Skills
328,Sales Representative - Medical Billing,"Dec 12, 20242 Years","Alpha Billing Services LLC, Rawalpindi, Pakistan",Business DevelopmentMarketing SkillsEnd to End Sales
329,International Sales Agent,"Dec 12, 2024Fresh20K - 45K","Vivid Ventures, Hyderabad, Pakistan",Pricing Negotiation SkillsCommunication SkillsCoordination Skills
330,Junior React / Node.js Engineer,"Dec 12, 20241 Year20K - 30K","Omnia Computers, Gujrat, Pakistan",JavascriptGitHTML5 PostgreSQLRESTful APIsNodeJsScrumReact JSTeam CollaborationMochaReact NativeReduxDOCKER
331,SEO / Social Media Marketing Intern,"Dec 11, 2024Less than 1 Year20K - 45K","KryptoMind, Lahore, Pakistan",
332,Receptionist / Front Desk Officer,"Dec 11, 20241 Year","Sazman Technologies, Sialkot, Pakistan",Fluent in EnglishCommunication SkillsAppointment SchedulingFront Office SupportCoordination Skills
333,Online Marketing Executive,"Dec 11, 2024Fresh35K - 40K","UBM Technologies, Lahore, Pakistan",Admin Operations ManagementInternet BrowsingCommunication SkillseCommerce  SEO
334,Travel Consultant,"Dec 11, 2024Less than 1 Year35K - 90K","Falak Global Tech Pvt Ltd, Lahore, Pakistan",Telemarketing  SkillsNegotiations SkillsCustomer Care RepresentationTravel ArrangementsTravel SalesSales
335,Sales Executive,"Dec 11, 20241 Year","Ark IT Services, Multiple Cities, Pakistan",Business DevelopmentClient DealingSales AcquisitionSales ManagementCommunication Skills
336,Server Administrator,"Dec 11, 20242 Years50K - 70K","PureLogics, Lahore, Pakistan",Server ManagementCommunication SkillsProblem Solving SkillsCoordination Skills
337,SEO Executive,"Dec 11, 20242 Years30K - 40K","RSF Soft, Lahore, Pakistan",SEO AuditsKeyword Research SkillseCommerce  SEOSEM Knowledge
338,Receptionist / Front Desk Officer,"Dec 11, 20241 Year","Sazman Technologies, Sialkot, Pakistan",Fluent in EnglishCommunication SkillsMultitasking SkillsOrganizational Skills
339,PHP / Laravel Developer,"Dec 11, 20243 Years","Enzipe, Faisalabad, Pakistan",JavascriptLaravelFrontend Development
340,Software Engineer - JAVA,"Dec 11, 20243 Years","Avanza Solutions, Multiple Cities, Pakistan",JavascriptjQueryJava Web ServicesJava Spring Boot
341,Technical Support Executive,"Dec 11, 2024Fresh","RSTech, Lahore, Pakistan",Troubleshooting SkillsCommunication SkillsTechnical Support
342,Sales / Marketing Executive,"Dec 11, 2024Fresh25K - 50K","Innovative Hive, Karachi, Pakistan",Fluent in EnglishCommunication SkillsMarket Research
343,Senior WordPress Developer,"Dec 11, 20245 Years","Avamia, Multiple Cities, Pakistan",JavascriptPSD to WordPressPHP
344,Business Development Intern,"Dec 11, 2024Fresh15K - 50K","Dev Console, Lahore, Pakistan",Business Development ProcessCommunication SkillsBusiness Growth
345,Call Center Agent,"Dec 11, 2024Fresh70K - 70K","IT Arena SMC-Private Limited, Lahore, Pakistan",Coordination Skill'sFluent in EnglishCommunication Skills
346,System Architect,"Dec 11, 20245 Years","Aupod Pty Ltd, Lahore, Pakistan",Custom Software DevelopmentArchitectural PatternsSoftware DevelopmentSolution ArchitectureSoftware Design
347,Technical Recruitment Executive,"Dec 11, 20245 Years100K - 150K","Faaz Consulting LLC, Multiple Cities, Pakistan",IT RecruitmentInternational Recruitment Skills360 RecruitmentEnd To End Recruitment SkillsTechnical Recruitment Skills
348,HR Specialist,"Dec 11, 20243 Years70K - 125K","Aupod Pty Ltd, Lahore, Pakistan",Payroll ManagementEmployee Relations  ManagementCommunicating SkillsSourcing And Networking Skills
349,Junior Technical Recruiter,"Dec 11, 20241 Year40K - 90K","Faaz Consulting LLC, Multiple Cities, Pakistan",IT RecruitmentRecruitment  ManagementInternational Recruitment Skills360 RecruitmentTechnical Recruitment Skills
350,Data Entry Operator,"Dec 10, 20241 Year30K - 40K","TechComm, Lahore, Pakistan",Admin Operations ManagementData ManagementCommunication Skills
351,Senior Frontend / WordPress Developer,"Dec 10, 20243 Years80K - 150K","Innotech Cloud, Karachi, Pakistan",JavascriptCSS3HTML
352,WordPress Developer,"Dec 10, 20241 Year","Genify Technologies, Karachi, Pakistan",JavascriptPSD to WordPressHTMLCSS
353,Sales Executive,"Dec 10, 2024Fresh100K - 350K","UnReal Pays, Karachi, Pakistan",eBooks KnowledgeSales ManagementCommunication Skills
354,Software Sales Executive,"Dec 10, 20243 Years50K - 60K","Money Pex, Multiple Cities, Pakistan",Sales ManagementCommunication SkillsEnd to End Sales
355,Junior HR Operations Officer / Coordinator,"Dec 10, 2024Fresh30K - 35K","Horizon Technologies, Karachi, Pakistan",Documentation ManagementEmployee Relations ManagementPayroll ProcessHR Policies
356,Project Coordinator,"Dec 10, 2024Less than 1 Year40K - 60K","Crestech IT, Rawalpindi, Pakistan",Microsoft OutlookAdmin Operations ManagementEnd To End Project Management
357,Customer Support Supervisor,"Dec 10, 20244 Years175K - 250K","Bitsharp IT Solution, Islamabad, Pakistan",Managerial SkillsCustomer Satisfaction ManagementTraining Development
358,Office Assistant,"Dec 10, 20241 Year20K - 30K","Decorp International, Karachi, Pakistan",Typing SpeedBookkeeping KnowledgeMS Office
359,Senior Software Quality Assurance Engineer,"Dec 10, 20245 Years","DynamoLogic Solutions, Multiple Cities, Pakistan",Software Quality ManagementCRM TestingAutomated Testing
360,HR Assistant,"Dec 10, 2024Fresh40K - 45K","IZOC Solutions, Multiple Cities, Pakistan",HR Policies CommandHR Information Management Talent AcquisitionEmployee Relations ManagementTechnical Recruitment Skills
361,Sales Executive,"Dec 10, 20241 Year45K - 45K","iTecknologi, Karachi, Pakistan",Negotiation SkillsRetail SalesMathematical Knowledge
362,Customer Support Executive,"Dec 10, 2024Less than 1 Year20K - 40K","Tech Bridge Consultancy, Lahore, Pakistan",Communication SkillsCustomer SupportCRM
363,Website Designer / Developer,"Dec 10, 20241 Year18K - 45K","Gautam Group UK, Karachi, Pakistan",Adobe DreamweaverWebsite BuildingWebsite Creation
364,Block Chain Developer,"Dec 10, 20242 Years","Future View Innovation Software Trading LLC, Lahore, Pakistan",JavascriptBlock ChainNode JSFrontend
365,Lead Generation Specialist,"Dec 10, 20241 Year30K - 35K","East Hire, Lahore, Pakistan",Data ManagementMarketing StrategiesGlobal StaffingLead Generation
366,PHP / Laravel Developer,"Dec 10, 20242 Years","JSYS Technologies Pvt Ltd, Lahore, Pakistan",MySQLArtificial Intelligence KnowledgePostgres DatabasesLaravel Framework
367,2D Artist,"Dec 09, 20242 Years100K - 700K","Adsneton, Multiple Cities, Pakistan",Adobe Illustrator2D Graphics2D Art
368,Senior UI / UX Designer,"Dec 09, 20245 Years100K - 200K","SOC Solution Pvt Ltd, Multiple Cities, Pakistan",Adobe Creative SuiteUX and UIFigma
369,2D Artist / Illustrator,"Dec 09, 20242 Years100K - 700K","Adsneton, Multiple Cities, Pakistan",Adobe IllustratorSketch2D Art
370,PHP Developer,"Dec 09, 20243 Years","Apace Solutions, Karachi, Pakistan",MySQLjQueryLaravelHTMLCodeIgniter Native PHPCSS
371,Sales Executive,"Dec 09, 2024Fresh20K - 30K","EducationEverest, Sargodha, Pakistan",Sales GrowthMarketing StrategiesSales Management
372,2D Artist / Illustrator,"Dec 09, 20242 Years","Adsneton, Multiple Cities, Pakistan",Adobe Illustrator2D Graphics2D Art
373,Full Stack Developer - Nuxt.js / Nest.js,"Dec 09, 20242 Years","RPMAnetworks, Lahore, Pakistan",RESTful APIsServer ConfigurationSystem ArchitectureNuxt.jsNest.js
374,Social Media Marketing Executive - Meta Ads Expert,"Dec 09, 20242 Years45K - 60K","Storak Digital, Lahore, Pakistan",Linked AnalyticsGoogle AdsSocial Media MarketingMeta AdsKeyword Research
375,GraphQL Engineer Expert,"Dec 09, 20245 Years25K - 25K","Hexagon Technologies, Multiple Cities, Pakistan",NodeJsGraphQLTypeScript
376,Python Developer,"Dec 09, 20242 Years30K - 50K","Omnia Computers, Multiple Cities, Pakistan",MS SQL ServerMongoDBDOCKERPythonArtificial IntelligenceLarge Language ModelsRAG
377,IT Support Executive,"Dec 09, 20242 Years30K - 40K","AHB Communication, Karachi, Pakistan",IT Support ResponsibilitiesNetwork SupportSoftware SupportServer SupportMicrosoft Office
378,Content Writer Manager,"Dec 09, 20243 Years125K - 150K","Tossdown, Lahore, Pakistan",Blog PostingContent OptimizationContent ManagementContent BloggingDigital Copy WritingContent Writing Skills
379,Business Development Executive,"Dec 09, 2024Fresh","Generate Intel, Multiple Cities, Pakistan",Fluent in EnglishAdmin Operations ManagementBusiness Development Process
380,Quran Teacher,"Dec 09, 2024Less than 1 Year5K - 15K","Generate Intel, Multiple Cities, Pakistan",QiratTajweed KnowledgeQuran
381,Junior System Admin,"Dec 06, 20242 Years","Pakistan Revenue Automation (Pvt) Ltd, Islamabad, Pakistan",Drafting MethodsTroubleshooting  SkillsOperating System AdministrationCommunication Skills
382,Account Executive,"Dec 02, 2024Less than 1 Year80K - 80K","Zones IT Solutions (Pvt) Ltd., Islamabad, Pakistan",Negotiation SkillsSales ManagementClient Relationship Management
383,WordPress Developer,"Nov 27, 20245 Years70K - 100K","Grab Tech Solutions, Lahore, Pakistan",JavascriptHTML5 CSS3BootstrapPlugins
384,Accountant - US Accountancy,"Nov 27, 20245 Years60K - 90K","Grab Tech Solutions, Lahore, Pakistan",Payroll ProcessingBookkeeping KnowledgeUS GAAPUS Tax KnowledgeQuickBase
385,Sales / Business Development Executive,"Nov 26, 20242 Years","ETS Devices Pvt Ltd, Lahore, Pakistan",B2B Business DevelopmentEnd-to-End Saleالمهارات المعدنيةSales OperationsOutbound Calls Handling
386,Admin Officer,"Nov 15, 20243 Years","Contour Software, Lahore, Pakistan",
387,Assistant Manager HR,"Nov 05, 20242 Years","Dukan.pk, Lahore, Pakistan",Google  Spreadsheets KnowledgePayroll ProcessingAdmin Operations ManagementRecruitment
388,Full Stack Developer - Angular,"Nov 01, 20243 Years","Pakistan Revenue Automation (Pvt) Ltd, Islamabad, Pakistan",ADO. NetAngularJSTypeScriptn
389,Assistant Manager – Software Development Services,"Oct 29, 20245 Years","Contour Software, Lahore, Pakistan",
390,Technical Support Specialist (Accounting),"Oct 29, 2024","Contour Software, Lahore, Pakistan",
391,Senior Cloud Engineer,"Oct 29, 20245 Years","Contour Software, Multiple Cities, Pakistan",
392,Senior Software Developer – Team Lead,"Oct 29, 20246 Years","Contour Software, Karachi, Pakistan",
393,Senior .NET Developer,"Oct 29, 20245 Years","Contour Software, Lahore, Pakistan",
394,Senior Software Developer,"Oct 29, 2024","Contour Software, Karachi, Pakistan",
395,Full Stack Developer,"Oct 29, 20242 Years","Contour Software, Lahore, Pakistan",
396,People Engagement Specialist,"Oct 29, 20242 Years","Contour Software, Lahore, Pakistan",
397,Cloud Systems Administrator,"Oct 29, 20243 Years","Contour Software, Lahore, Pakistan",
398,Full Stack Developer,"Oct 29, 2024","Contour Software, Islamabad, Pakistan",
399,Accounting Trainee,"Oct 29, 2024","Contour Software, Karachi, Pakistan",
400,Senior Software Developer,"Oct 29, 2024","Contour Software, Karachi, Pakistan",
401,Playwright SDET,"Oct 29, 20242 Years","Contour Software, Islamabad, Pakistan",
402,Senior Software Developer (Contractual),"Oct 29, 20245 Years","Contour Software, Karachi, Pakistan",
403,Intermediate Software Developer (Contractual),"Oct 29, 20243 Years","Contour Software, Karachi, Pakistan",
404,Senior Database Developer (Oracle and Java),"Oct 29, 20246 Years","Contour Software, Lahore, Pakistan",
405,SQA Analyst,"Oct 29, 20242 Years","Contour Software, Lahore, Pakistan",
406,System Administrator,"Oct 29, 20243 Years","Contour Software, Lahore, Pakistan",
407,Software Support Analyst (L2),"Oct 29, 20243 Years","Contour Software, Karachi, Pakistan",
408,Salesforce Developer,"Oct 29, 20243 Years","Contour Software, Karachi, Pakistan",
409,Senior Desktop Developer(WinForms),"Oct 29, 20245 Years","Contour Software, Lahore, Pakistan",
410,HR Intern,"Oct 29, 2024","Contour Software, Karachi, Pakistan",
411,People Engagement Specialist,"Oct 29, 20242 Years","Contour Software, Karachi, Pakistan",
412,Full stack Developer,"Oct 29, 20243 Years","Contour Software, Karachi, Pakistan",
413,Software Developer,"Oct 29, 20243 Years","Contour Software, Karachi, Pakistan",
414,Full Stack Developer,"Oct 29, 2024","Contour Software, Karachi, Pakistan",
415,SQA Analyst,"Oct 29, 20242 Years","Contour Software, Karachi, Pakistan",
416,Staff Accountant,"Oct 29, 20243 Years","Contour Software, Karachi, Pakistan",
417,Senior Mobile Developer – Team Lead (Xamarin/.NET MAUI),"Oct 29, 20247 Years","Contour Software, Lahore, Pakistan",
418,Senior Java Developer – Team Lead,"Oct 29, 20247 Years","Contour Software, Lahore, Pakistan",
419,Software Development Manager,"Oct 29, 20247 Years","Contour Software, Karachi, Pakistan",
420,Software Developer,"Oct 29, 20242 Years","Contour Software, Lahore, Pakistan",
421,Local Listing Specialist (SEO),"Oct 29, 20242 Years","Contour Software, Lahore, Pakistan",
422,Senior Software Developer,"Oct 29, 20246 Years","Contour Software, Karachi, Pakistan",
423,Technical Project Manager,"Oct 29, 20245 Years","Contour Software, Lahore, Pakistan",
424,Senior Technical Project Manager,"Oct 29, 20245 Years","Contour Software, Lahore, Pakistan",
425,Intermediate SQA Analyst,"Oct 29, 20245 Years","Contour Software, Karachi, Pakistan",
426,Senior Full-Stack Developer (.NET/React),"Oct 29, 20247 Years","Contour Software, Lahore, Pakistan",
427,Intermediate Software Developer,"Oct 29, 2024","Contour Software, Karachi, Pakistan",
428,Database Developer,"Oct 29, 2024","Contour Software, Karachi, Pakistan",
429,Senior Software Developer,"Oct 29, 20245 Years","Contour Software, Karachi, Pakistan",
430,Machine Learning Specialist,"Oct 29, 20243 Years","Contour Software, Lahore, Pakistan",
431,Senior Software Developer,"Oct 29, 2024","Contour Software, Karachi, Pakistan",
432,Senior Full Stack Developer,"Oct 29, 20245 Years","Contour Software, Karachi, Pakistan",
433,Software Developer,"Oct 29, 20242 Years","Contour Software, Islamabad, Pakistan",
434,Network Engineer,"Oct 29, 20243 Years","Contour Software, Karachi, Pakistan",
435,Full Stack Developer (PHP),"Oct 29, 20243 Years","Contour Software, Lahore, Pakistan",
436,Senior Software Developer,"Oct 29, 20244 Years","Contour Software, Karachi, Pakistan",
437,Senior SQA Analyst,"Oct 29, 20244 Years","Contour Software, Lahore, Pakistan",
438,Industry solution Manager,"Oct 29, 20243 Years","Contour Software, Lahore, Pakistan",
439,Full Stack Developer,"Oct 29, 20243 Years","Contour Software, Lahore, Pakistan",
440,Associate Manager – Finance Services,"Oct 29, 20245 Years","Contour Software, Karachi, Pakistan",
441,Intermediate SQA Analyst,"Oct 29, 20243 Years","Contour Software, Karachi, Pakistan",
442,Senior Fullstack Developer,"Oct 29, 20245 Years","Contour Software, Islamabad, Pakistan",
443,Database Developer (Oracle and Java),"Oct 29, 20244 Years","Contour Software, Lahore, Pakistan",
444,Payroll Processor,"Oct 29, 20242 Years","Contour Software, Karachi, Pakistan",
445,Salesforce Administrator,"Oct 29, 20243 Years","Contour Software, Lahore, Pakistan",
446,Senior .NET Developer,"Oct 29, 20245 Years","Contour Software, Lahore, Pakistan",
447,Billing & Collection Trainee,"Oct 29, 2024","Contour Software, Karachi, Pakistan",
448,Consultant - Geology & Mining,"Oct 29, 20245 Years","Contour Software, Islamabad, Pakistan",
449,Senior Accountant,"Oct 29, 20244 Years","Contour Software, Karachi, Pakistan",
450,People Engagement Trainee,"Oct 29, 2024","Contour Software, Lahore, Pakistan",
451,Senior Financial Analyst,"Oct 29, 20243 Years","Contour Software, Lahore, Pakistan",
452,Financial Analyst,"Oct 29, 20245 Years","Contour Software, Karachi, Pakistan",
453,SQA Analyst,"Oct 29, 20245 Years","Contour Software, Islamabad, Pakistan",
454,DevOps Engineer,"Oct 29, 20243 Years","Contour Software, Karachi, Pakistan",
455,Security Analyst,"Oct 29, 2024","Contour Software, Karachi, Pakistan",
456,Trainee Software Developer,"Oct 29, 2024","Contour Software, Lahore, Pakistan",
457,Senior Full Stack Developer (.NET),"Oct 29, 20245 Years","Contour Software, Lahore, Pakistan",
458,"Senior Full Stack Developer (React, .NET)","Oct 29, 20246 Years","Contour Software, Lahore, Pakistan",
459,Dynamics 365 Customer Engagement Deployment Lead,"Oct 29, 20247 Years","Contour Software, Lahore, Pakistan",
460,Senior Full Stack Developer,"Oct 29, 20245 Years","Contour Software, Lahore, Pakistan",
461,Dynamics 365 Customer Engagement Engineer,"Oct 29, 20245 Years","Contour Software, Lahore, Pakistan",
462,CMS Manager,"Oct 29, 20244 Years","Contour Software, Lahore, Pakistan",
463,Senior Mobile Developer,"Oct 29, 20245 Years","Contour Software, Lahore, Pakistan",
464,Junior Software Developer,"Oct 29, 20243 Years","Contour Software, Lahore, Pakistan",
465,Assistant Accountant,"Oct 29, 20242 Years","Contour Software, Karachi, Pakistan",
466,Project Manager,"Oct 29, 20243 Years","Contour Software, Lahore, Pakistan",
467,Manager Accounting & Finance,"Oct 29, 20247 Years","Contour Software, Lahore, Pakistan",
468,Staff Accountant,"Oct 29, 20243 Years","Contour Software, Karachi, Pakistan",
469,Azure Software Engineer (Dynamics 365),"Oct 06, 20245 Years","Contour Software, Multiple Cities, Pakistan",
470,Senior Software Developer,"Oct 05, 20247 Years","Contour Software, Karachi, Pakistan",
471,Customer Support Specialist (French Bilingual),"Jun 11, 20242 Years","Contour Software, Lahore, Pakistan",
472,Software Developer,"May 13, 20243 Years","Contour Software, Karachi, Pakistan",
473,Software Development Engineer in Test,"May 08, 20243 Years","Contour Software, Lahore, Pakistan",
474,Senior Fullstack Developer (.Net + React),"May 02, 20248 Years","Contour Software, Lahore, Pakistan",
475,ColdFusion/ Lucee Developer,"Apr 26, 2024","Contour Software, Islamabad, Pakistan",
476,Workday Analyst / Consultant,"Apr 08, 20244 Years","Contour Software, Karachi, Pakistan",
477,Senior Full-Stack Developer(.NET/React),"Apr 08, 20245 Years","Contour Software, Islamabad, Pakistan",
478,Manager - Marketing Communications,"Apr 01, 2024","Contour Software, Karachi, Pakistan",
479,RPG Developer,"Mar 20, 20243 Years","Contour Software, Karachi, Pakistan",
480,Senior Software Developer - COBOL,"Mar 16, 20246 Years","Contour Software, Karachi, Pakistan",
481,Senior SQA Analyst,"Feb 16, 20246 Years","Contour Software, Karachi, Pakistan",
482,Office ChildCare Specialist,"Jan 19, 20243 Years","Contour Software, Lahore, Pakistan",
483,Senior Software Developer,"Nov 22, 20235 Years","Contour Software, Lahore, Pakistan",
484,Senior Elastic Search Engineer,"Oct 27, 20237 Years","Contour Software, Multiple Cities, Pakistan",
485,Accounts Executive,"Oct 26, 20232 Years","Contour Software, Karachi, Pakistan",
486,Senior Software Developer (Interfaces),"Oct 05, 20235 Years","Contour Software, Lahore, Pakistan",
